<?xml version="1.0" encoding="UTF-8"?>
<project-private xmlns="http://www.netbeans.org/ns/project-private/1">
    <editor-bookmarks xmlns="http://www.netbeans.org/ns/editor-bookmarks/2" lastBookmarkId="0"/>
    <open-files xmlns="http://www.netbeans.org/ns/projectui-open-files/2">
        <group>
            <file>file:/F:/Proyectos/MPLAB_X/Sistemas-Embebidos/Laboratorio1.X/mcc_generated_files/pin_manager.c</file>
            <file>file:/F:/Proyectos/MPLAB_X/Sistemas-Embebidos/Laboratorio1.X/mcc_generated_files/system.c</file>
            <file>file:/F:/Proyectos/MPLAB_X/Sistemas-Embebidos/Laboratorio1.X/main.c</file>
            <file>file:/F:/Proyectos/MPLAB_X/Sistemas-Embebidos/Laboratorio1.X/utils/utils.h</file>
            <file>file:/F:/Proyectos/MPLAB_X/Sistemas-Embebidos/Laboratorio1.X/mcc_generated_files/mcc.c</file>
            <file>file:/F:/Proyectos/MPLAB_X/Sistemas-Embebidos/Laboratorio1.X/utils/utils.c</file>
            <file>file:/F:/Proyectos/MPLAB_X/Sistemas-Embebidos/Laboratorio1.X/mcc_generated_files/clock.c</file>
            <file>file:/F:/Proyectos/MPLAB_X/Sistemas-Embebidos/Laboratorio1.X/mcc_generated_files/pin_manager.h</file>
            <file>file:/F:/Proyectos/MPLAB_X/Sistemas-Embebidos/Laboratorio1.X/mcc_generated_files/interrupt_manager.c</file>
            <file>file:/F:/Proyectos/MPLAB_X/Sistemas-Embebidos/Laboratorio1.X/mcc_generated_files/exceptions.c</file>
        </group>
    </open-files>
</project-private>
